incident_id,incident_title,incident_description,incident_type,asset_type,business_impact,user_privilege,recommended_action_ids,outcome
INC-57f45f4d,Phishing incident reported,"Compliance alert: employee forwarded suspicious email to IT documented brand impersonation caught in email headers, leading to business email compromise attempts possible.",Phishing,Network,Low,User,IR-ID-02;IR-POST-01;IR-ID-01;IR-CON-02;IR-CON-01,Partial
INC-0b728826,Insider Misuse incident reported,Analysis shows after-hours interaction to sensitive systems; The incident was automated analysis caught unauthorized access; Security team assesses violation of privacy regulations and policies.,Insider Misuse,Server,Medium,Admin,IR-ID-01;IR-HR-01;IR-ID-02,Failure
INC-10ce63a8,Ransomware incident reported,"Tactical assessment: critical business content rendered inaccessible identified via network monitoring tools caught datasets exfiltration, generating financial losses from downtime and recovery.",Ransomware,Server,High,User,IR-ID-01;IR-ID-02;IR-ISO-01,Partial
INC-2a4f30aa,Ransomware incident reported,"Threat assessment: customer service capabilities degraded; Root cause identified as users unable to open documents and databases, which was server administrator observed encryption process.",Ransomware,Server,High,Admin,IR-ID-01;IR-ID-02;IR-POST-01;IR-ERA-01,Failure
INC-bf47720f,Ransomware incident reported,"Tactical assessment: desktop wallpaper replaced with threat message identified via backup system alerted to deletion attempt, generating financial losses from downtime and recovery.",Ransomware,Database,High,Guest,IR-CON-01;IR-ISO-01;IR-POST-01;IR-REC-01,Success
INC-7406c10c,Malware incident reported,"Tactical assessment: memory usage spiking due to hidden processes identified via user reported unexpected behavior to helpdesk, generating compromise of sensitive business information.",Malware,Application,High,Guest,IR-POST-01;IR-ID-01;IR-ERA-01,Success
INC-97ee04e6,Phishing incident reported,Risk identified: spread of attack to additional employees; Contributing factor: domain name similar to legitimate site accessed; Detection source: safety awareness training prompted individual report.,Phishing,Endpoint,Medium,Guest,IR-POST-01;IR-EDU-01;IR-ID-02,Success
INC-1d637e7f,Insider Misuse incident reported,"Event sequence: First, audit trail analysis showed policy breach; Investigation revealed employee bypassing threat detection controls; Resulting in data integrity and confidentiality compromise.",Insider Misuse,Application,Low,Admin,IR-ID-01;IR-HR-01;IR-CON-01,Success
INC-351d3962,Ransomware incident reported,ransom demand note appeared on desktop - backup system alerted to deletion attempt. This poses customer service capabilities degraded.,Ransomware,Server,High,Service Account,IR-ID-01;IR-REC-01;IR-ISO-01;IR-CON-01;IR-ID-02,Success
INC-7bf744bc,Data Breach incident reported,What happened: large data transfer to external IP address. How discovered: third-party protective assessment found evidence. Why concerning: forensic investigation and recovery costs.,Data Breach,Application,Medium,Service Account,IR-POST-01;IR-LEGAL-01;IR-ID-02;IR-NOTIF-01,Partial
INC-64377d2d,Ransomware incident reported,ransom demand note appeared on desktop - network monitoring tools caught files exfiltration. This poses ransom payment consideration by leadership.,Ransomware,Database,High,Service Account,IR-ERA-01;IR-ISO-01;IR-REC-01,Failure
INC-d1fc2142,Phishing incident reported,"Executive summary - domain reputation check flagged spoofed site identified suspicious authentication requests from users, presenting identity theft and account takeover vulnerability.",Phishing,Application,Medium,Guest,IR-CON-01;IR-ID-02;IR-EDU-01;IR-ID-01,Success
INC-55baebf3,Insider Misuse incident reported,Analysis shows after-hours connection to sensitive systems. The incident was staff member behavior analytics identified deviation. Security team assesses legal action against employee possible.,Insider Misuse,Database,Medium,Service Account,IR-POST-01;IR-CON-01;IR-HR-01,Partial
INC-87bb103e,Malware incident reported,Security incident: endpoint experiencing severe performance degradation; Discovery method: security operations center detected anomaly; Impact assessment indicates illegitimate interaction to company resources.,Malware,Endpoint,Medium,Guest,IR-ID-02;IR-POST-01;IR-CON-01;IR-SCAN-01;IR-ERA-01,Success
INC-b00ec410,Ransomware incident reported,"Threat assessment: permanent information loss if backups compromised; Root cause identified as users unable to open documents and databases, which was automated system flagged suspicious file actions.",Ransomware,Server,High,User,IR-ERA-01;IR-ID-01;IR-CON-01,Success
INC-4bdefa61,Denial of Service incident reported,legitimate users unable to access services - load balancer submitted abnormal request volume. This poses brand reputation damage from outage.,Denial of Service,Application,High,Guest,IR-MIT-01;IR-BLOCK-01;IR-POST-01;IR-ID-02;IR-CON-01,Success
INC-3e1a1e75,Malware incident reported,"Tactical assessment: legitimate software behaving abnormally identified via employee flagged unusual behavior to helpdesk, generating operational disturbance for affected users.",Malware,Endpoint,Medium,User,IR-ERA-01;IR-POST-01;IR-ID-02;IR-SCAN-01;IR-ID-01,Partial
INC-c05a60f7,Phishing incident reported,"Executive summary - domain reputation check flagged spoofed site identified suspicious authentication requests from users, presenting business email compromise attempts possible.",Phishing,Network,Medium,Service Account,IR-ID-01;IR-CON-02;IR-ID-02,Success
INC-d0e3a6a1,Denial of Service incident reported,"Tactical assessment: bandwidth exhausted by malicious traffic identified via customer complaints triggered investigation, generating potential for data breach during distraction.",Denial of Service,Network,High,Service Account,IR-ID-01;IR-CON-01;IR-ID-02;IR-BLOCK-01,Partial
INC-8b3d8f73,Ransomware incident reported,"Tactical assessment: ransom demand note appeared on desktop identified via file integrity monitoring detected mass changes, generating regulatory reporting requirements triggered.",Ransomware,Database,High,Service Account,IR-REC-01;IR-ISO-01;IR-ID-02;IR-ERA-01,Success
INC-f455dc14,Malware incident reported,Analysis shows unexpected outbound network connections initiated. The incident was IT administrator noticed during routine check. Security team assesses threat to network defensive posture.,Malware,Endpoint,Low,Admin,IR-ID-01;IR-SCAN-01;IR-CON-01;IR-POST-01;IR-ID-02,Success
INC-046a3576,Insider Misuse incident reported,Analysis shows after-hours engagement to sensitive systems. The incident was manager communicated suspicious employee operations. Security team assesses revision of access controls required.,Insider Misuse,Server,Low,Guest,IR-CON-02;IR-CON-01;IR-ID-01,Success
INC-cb11b06c,Ransomware incident reported,ransom demand note appeared on desktop - server administrator observed encryption process; This poses extended recovery time impacting revenue.,Ransomware,Database,High,User,IR-ERA-01;IR-POST-01;IR-ID-02;IR-ISO-01,Success
INC-5d5dfd6f,Phishing incident reported,"Tactical assessment: credential entry on spoofed company website identified via threat intelligence identified phishing campaign, generating sensitive information disclosure anticipated.",Phishing,Application,Medium,Admin,IR-CON-01;IR-CON-02;IR-EDU-01,Partial
INC-f7b9b0c8,Denial of Service incident reported,What happened: CPU resources depleted on web servers. How discovered: traffic analysis identified attack signature. Why concerning: revenue loss from service unavailability.,Denial of Service,Application,High,Admin,IR-ID-01;IR-CON-01;IR-POST-01;IR-BLOCK-01;IR-MIT-01,Success
INC-8d2f575f,Insider Misuse incident reported,Risk identified: revision of access controls required. Contributing factor: unusual files usage patterns by trusted user. Detection source: peer notified concerning behavior to protective.,Insider Misuse,Server,Low,Guest,IR-POST-01;IR-ID-01;IR-CON-01,Success
INC-abedad6c,Denial of Service incident reported,"URGENT: service owner escalated performance issues detected bandwidth exhausted by malicious traffic, which threatens customer dissatisfaction and complaints.",Denial of Service,Network,High,User,IR-MIT-01;IR-ID-01;IR-ID-02;IR-CON-01;IR-POST-01,Success
INC-61d85ed8,Malware incident reported,Security incident: endpoint experiencing severe performance degradation; Discovery method: threat intelligence match triggered alarm; Impact assessment indicates unpermitted interaction to company resources.,Malware,Application,Low,Service Account,IR-ID-01;IR-ERA-01;IR-SCAN-01;IR-ID-02,Failure
INC-aef88006,Malware incident reported,"Forensic analysis: multiple applications terminating unexpectedly discovered through individual flagged anomalous behavior to helpdesk, resulting in possible installation of additional malware.",Malware,Endpoint,High,Guest,IR-ERA-01;IR-ID-01;IR-SCAN-01;IR-CON-01,Success
INC-762b97c9,Data Breach incident reported,"URGENT: log analysis identified suspicious queries detected privileged account accessing unrelated datasets, which threatens forensic investigation and recovery costs.",Data Breach,Server,Critical,Guest,IR-ID-01;IR-CON-01;IR-LEGAL-01;IR-CON-02;IR-NOTIF-01,Partial
INC-9efb4852,Ransomware incident reported,"Event sequence: First, security monitoring caught ransomware signature. Investigation revealed encryption process consuming server resources. Resulting in customer service capabilities degraded.",Ransomware,Endpoint,Medium,Admin,IR-REC-01;IR-ID-01;IR-ID-02;IR-POST-01;IR-ISO-01,Partial
INC-5199dd49,Denial of Service incident reported,"Investigation timeline: intrusion detection workstation caught flood attack, revealing application servers failing under load pressure. Potential consequences include competitive disadvantage during downtime.",Denial of Service,Network,High,Guest,IR-CON-01;IR-BLOCK-01;IR-MIT-01;IR-ID-01,Success
INC-b3f61b0c,Insider Misuse incident reported,"Investigation timeline: privileged usage management workstation alerted, revealing internal staff member violating acceptable use policy. Potential consequences include data integrity and confidentiality compromise.",Insider Misuse,Server,Medium,Guest,IR-CON-02;IR-CON-01;IR-ID-01,Success
INC-d59e8f11,Insider Misuse incident reported,"Compliance alert: automated monitoring caught unverified access documented privileged credentials used for personal purposes, leading to revision of engagement controls required.",Insider Misuse,Server,Medium,Guest,IR-CON-01;IR-HR-01;IR-POST-01,Success
INC-6767c11d,Phishing incident reported,"URGENT: employee forwarded suspicious email to IT detected domain name similar to legitimate site accessed, which threatens identity theft and account takeover risk.",Phishing,Application,Low,User,IR-CON-01;IR-ID-02;IR-EDU-01,Success
INC-67ebfc64,Insider Misuse incident reported,Analysis shows after-hours entry to sensitive systems; The incident was manager escalated suspicious employee behavior; Security team assesses damage to internal threat detection culture.,Insider Misuse,Server,Low,Admin,IR-CON-01;IR-POST-01;IR-ID-01;IR-CON-02,Success
INC-5af6c2fb,Data Breach incident reported,[ALERT] compliance audit revealed unverified connection || Observation: bulk export of customer records spotted || Risk: compliance violations requiring remediation,Data Breach,Database,High,Service Account,IR-LEGAL-01;IR-CON-02;IR-ID-02;IR-CON-01,Success
INC-bb2d3801,Insider Misuse incident reported,"Forensic analysis: privileged credentials used for personal purposes discovered through privileged access management workstation alerted, resulting in loss of trade secrets or proprietary information.",Insider Misuse,Database,Medium,Guest,IR-POST-01;IR-CON-02;IR-ID-02;IR-CON-01,Partial
INC-abe6be37,Denial of Service incident reported,response times degraded to unacceptable levels has been observed; This was customer complaints triggered investigation; The situation creates competitive disadvantage during downtime.,Denial of Service,Server,Medium,User,IR-CON-01;IR-ID-01;IR-BLOCK-01,Failure
INC-521ac99d,Denial of Service incident reported,What happened: CPU resources depleted on web servers; How discovered: network operations center observed traffic spike; Why concerning: competitive disadvantage during downtime.,Denial of Service,Network,High,Admin,IR-ID-01;IR-CON-01;IR-ID-02;IR-POST-01,Partial
INC-5cf558c0,Denial of Service incident reported,Security incident: service outage due to overwhelming traffic volume; Discovery method: traffic analysis identified attack signature; Impact assessment indicates competitive disadvantage during downtime.,Denial of Service,Server,High,Guest,IR-POST-01;IR-MIT-01;IR-CON-01,Success
INC-88697fa2,Ransomware incident reported,"Threat assessment: reputational damage to organization; Root cause identified as users unable to open documents and databases, which was account holder called helpdesk about inaccessible files.",Ransomware,Database,High,User,IR-POST-01;IR-ID-02;IR-ERA-01;IR-REC-01,Partial
INC-c6695993,Malware incident reported,"Event sequence: First, IT administrator noticed during routine check. Investigation revealed memory usage spiking due to hidden processes. Resulting in operational interference for affected users.",Malware,Server,Medium,Guest,IR-ID-01;IR-ERA-01;IR-CON-01;IR-SCAN-01,Partial
INC-45d1137a,Insider Misuse incident reported,"Compliance alert: access control review revealed violations documented privileged credentials used for personal purposes, leading to suspected espionage or competitor collaboration.",Insider Misuse,Server,Medium,User,IR-CON-02;IR-POST-01;IR-CON-01;IR-ID-02;IR-ID-01,Partial
INC-7bb6d877,Data Breach incident reported,authentication bypass allowing unapproved usage - records loss prevention host triggered warning; This poses reputational harm and customer attrition.,Data Breach,Server,High,Guest,IR-ID-02;IR-POST-01;IR-ID-01,Success
INC-ac4e396b,Data Breach incident reported,Risk identified: forensic investigation and recovery costs. Contributing factor: privileged account accessing unrelated datasets. Detection source: threat hunting exercise uncovered breach.,Data Breach,Server,Critical,Admin,IR-ID-02;IR-LEGAL-01;IR-NOTIF-01;IR-CON-02;IR-ID-01,Success
INC-db2980b3,Malware incident reported,Analysis shows unexpected outbound network connections initiated; The incident was endpoint protection agent raised alert; Security team assesses possible installation of additional malware.,Malware,Application,Medium,Guest,IR-CON-01;IR-ID-02;IR-SCAN-01;IR-ERA-01,Partial
INC-56a60f15,Phishing incident reported,"Threat assessment: unsanctioned access to email and applications. Root cause identified as fake login page harvesting user passwords, which was email gateway quarantined message automatically.",Phishing,Endpoint,Medium,Guest,IR-EDU-01;IR-CON-02;IR-ID-02,Success
INC-0dd2d687,Malware incident reported,Security incident: endpoint experiencing severe performance degradation; Discovery method: behavioral analysis flagged suspicious events; Impact assessment indicates system instability affecting productivity.,Malware,Endpoint,Low,Admin,IR-SCAN-01;IR-POST-01;IR-ID-02;IR-ID-01;IR-CON-01,Success
INC-a0478788,Malware incident reported,Risk identified: potential lateral movement across network; Contributing factor: legitimate software behaving abnormally; Detection source: security operations center uncovered anomaly.,Malware,Endpoint,Medium,Service Account,IR-ERA-01;IR-POST-01;IR-ID-01;IR-SCAN-01;IR-ID-02,Success
INC-301521e7,Ransomware incident reported,"Investigation timeline: automated machine flagged suspicious file activity, revealing rapid file modification event detected on server. Potential consequences include ransom payment consideration by leadership.",Ransomware,Server,High,Guest,IR-ERA-01;IR-ID-02;IR-ID-01,Partial
INC-46635d76,Phishing incident reported,[ALERT] account holder escalated unexpected authentication prompt || Observation: malicious email campaign targeting finance team || Risk: compromised credentials enabling further attacks,Phishing,Network,Low,Admin,IR-ID-01;IR-POST-01;IR-ID-02;IR-CON-01;IR-CON-02,Partial
INC-ab3add0b,Denial of Service incident reported,"Compliance alert: service owner escalated performance issues documented distributed attack targeting public endpoints, leading to suspected for files breach during distraction.",Denial of Service,Application,High,User,IR-CON-01;IR-BLOCK-01;IR-POST-01;IR-MIT-01;IR-ID-01,Success
INC-4da7196f,Data Breach incident reported,"URGENT: log analysis identified suspicious queries detected database administrator credentials compromised, which threatens regulatory fines and legal liability.",Data Breach,Database,Critical,Service Account,IR-LEGAL-01;IR-ID-02;IR-CON-01;IR-NOTIF-01,Success
INC-e6a7012c,Data Breach incident reported,authentication bypass allowing unpermitted usage - compliance audit revealed unsanctioned usage; This poses mandatory breach notification to affected parties.,Data Breach,Server,Medium,Admin,IR-POST-01;IR-NOTIF-01;IR-CON-02,Partial
INC-5d3ca58c,Phishing incident reported,brand impersonation uncovered in email headers - email gateway quarantined message automatically; This poses loss of customer trust and confidence.,Phishing,Application,Low,Service Account,IR-EDU-01;IR-CON-02;IR-ID-01;IR-ID-02,Success
INC-be710dde,Malware incident reported,[ALERT] endpoint protection agent raised alert || Observation: unknown executable consuming excessive CPU resources || Risk: possible lateral movement across network,Malware,Endpoint,Low,Guest,IR-POST-01;IR-SCAN-01;IR-ID-02;IR-ID-01;IR-CON-01,Partial
INC-8de3799b,Phishing incident reported,brand impersonation caught in email headers - email analysis revealed malicious indicators; This poses sensitive information disclosure anticipated.,Phishing,Network,Medium,Guest,IR-ID-02;IR-CON-01;IR-EDU-01,Success
INC-6576fc80,Insider Misuse incident reported,downloading confidential information to personal device - manager escalated suspicious employee patterns; This poses need for human resources investigation.,Insider Misuse,Server,Low,User,IR-HR-01;IR-CON-01;IR-ID-02,Success
INC-4218f4d5,Data Breach incident reported,"Investigation timeline: anomaly detection workstation flagged irregular pattern, revealing sensitive information accessed from atypical location. Potential consequences include mandatory breach notification to affected parties.",Data Breach,Database,Critical,Admin,IR-LEGAL-01;IR-CON-01;IR-NOTIF-01;IR-ID-02;IR-POST-01,Partial
INC-a6311009,Phishing incident reported,Risk identified: loss of customer trust and confidence; Contributing factor: domain name similar to legitimate site accessed; Detection source: protective awareness training prompted personnel report.,Phishing,Endpoint,Medium,Guest,IR-CON-01;IR-EDU-01;IR-CON-02,Success
INC-64bec5cc,Data Breach incident reported,"URGENT: log analysis identified suspicious queries detected authentication bypass allowing unauthorized interaction, which threatens compliance violations requiring remediation.",Data Breach,Application,High,User,IR-CON-02;IR-ID-02;IR-CON-01,Success
INC-601e8565,Data Breach incident reported,"Compliance alert: safety information and event management alerted documented personally identifiable information extracted, leading to reputational harm and customer attrition.",Data Breach,Server,Critical,User,IR-POST-01;IR-CON-02;IR-CON-01,Success
INC-fb28d2b5,Malware incident reported,unknown executable consuming excessive CPU resources has been observed. This was heuristic engine caught unknown malware variant. The situation creates credential theft and records exfiltration exposure.,Malware,Endpoint,Medium,Admin,IR-SCAN-01;IR-ID-02;IR-CON-01;IR-ERA-01,Success
INC-3406a074,Denial of Service incident reported,"Forensic analysis: legitimate users unable to access services discovered through service availability observation uncovered outage, resulting in revenue loss from service unavailability.",Denial of Service,Network,High,Guest,IR-ID-02;IR-POST-01;IR-MIT-01,Success
INC-59796981,Denial of Service incident reported,legitimate users unable to interaction services - service owner escalated performance issues. This poses competitive disadvantage during downtime.,Denial of Service,Server,Medium,Admin,IR-POST-01;IR-ID-02;IR-MIT-01;IR-BLOCK-01;IR-ID-01,Success
INC-50126fb5,Insider Misuse incident reported,Risk identified: legal action against employee possible; Contributing factor: unusual content connection patterns by trusted personnel; Detection source: interaction control review revealed violations.,Insider Misuse,Database,Medium,User,IR-ID-01;IR-HR-01;IR-CON-02,Partial
INC-e734ad8f,Denial of Service incident reported,"Compliance alert: load balancer notified abnormal request volume documented distributed attack targeting public endpoints, leading to potential for datasets breach during distraction.",Denial of Service,Network,High,User,IR-BLOCK-01;IR-ID-01;IR-CON-01,Success
INC-daa13ca4,Phishing incident reported,[ALERT] domain reputation check flagged spoofed site || Observation: malicious email campaign targeting finance team || Risk: loss of customer trust and confidence,Phishing,Network,High,Guest,IR-ID-01;IR-ID-02;IR-POST-01;IR-CON-02;IR-CON-01,Success
INC-ec0dffc9,Denial of Service incident reported,What happened: CPU resources depleted on web servers; How discovered: service availability monitoring observed outage; Why concerning: employee productivity impacted significantly.,Denial of Service,Network,High,Admin,IR-CON-01;IR-ID-02;IR-BLOCK-01;IR-POST-01,Success
INC-cac92ff2,Phishing incident reported,"Threat assessment: financial fraud through compromised accounts. Root cause identified as fake login page harvesting user passwords, which was employee forwarded suspicious email to IT.",Phishing,Endpoint,Medium,Service Account,IR-ID-01;IR-POST-01;IR-EDU-01;IR-CON-02;IR-CON-01,Success
INC-3ba56f4b,Data Breach incident reported,"Threat assessment: exposure of customer personally identifiable information; Root cause identified as API calls retrieving excessive amounts of datasets, which was threat detection information and event management alerted.",Data Breach,Server,Medium,Admin,IR-ID-01;IR-LEGAL-01;IR-POST-01,Success
INC-6290009d,Phishing incident reported,fake login page harvesting individual passwords has been observed; This was defensive awareness training prompted user report; The situation creates unauthorized access to email and applications.,Phishing,Endpoint,Medium,Service Account,IR-ID-01;IR-EDU-01;IR-CON-02;IR-POST-01;IR-ID-02,Success
INC-b81c8e63,Malware incident reported,"Compliance alert: endpoint protection agent raised alert documented files being altered without individual authorization, leading to system instability affecting productivity.",Malware,Server,High,Service Account,IR-ID-01;IR-ERA-01;IR-SCAN-01,Success
INC-20c6f53c,Denial of Service incident reported,"Compliance alert: infrastructure monitoring tools raised alarm documented network infrastructure saturated with requests, leading to employee productivity impacted significantly.",Denial of Service,Network,High,Admin,IR-BLOCK-01;IR-POST-01;IR-ID-02;IR-MIT-01;IR-CON-01,Partial
INC-75f7100d,Data Breach incident reported,"Compliance alert: threat hunting exercise uncovered breach documented bulk export of customer records identified, leading to forensic investigation and recovery costs.",Data Breach,Server,Medium,Guest,IR-ID-02;IR-NOTIF-01;IR-CON-02;IR-ID-01;IR-CON-01,Failure
INC-970dd04e,Denial of Service incident reported,What happened: CPU resources depleted on web servers. How discovered: infrastructure monitoring tools raised alarm. Why concerning: revenue loss from service unavailability.,Denial of Service,Server,High,Service Account,IR-ID-01;IR-CON-01;IR-ID-02;IR-MIT-01;IR-POST-01,Success
INC-f66abc72,Denial of Service incident reported,Analysis shows connection floods overwhelming firewall; The incident was traffic analysis identified attack signature; Security team assesses competitive disadvantage during downtime.,Denial of Service,Server,Medium,Service Account,IR-CON-01;IR-ID-02;IR-POST-01;IR-ID-01;IR-BLOCK-01,Success
INC-032cabe7,Phishing incident reported,What happened: credential entry on spoofed company website; How discovered: security team uncovered credential submission; Why concerning: loss of customer trust and confidence.,Phishing,Network,Low,Guest,IR-EDU-01;IR-ID-01;IR-CON-02;IR-CON-01,Partial
INC-8e167567,Ransomware incident reported,"Threat assessment: customer service capabilities degraded. Root cause identified as users unable to open documents and databases, which was automated workstation flagged suspicious file patterns.",Ransomware,Database,Medium,Guest,IR-ID-01;IR-POST-01;IR-REC-01;IR-ERA-01;IR-CON-01,Failure
INC-79b51c9a,Phishing incident reported,What happened: credential entry on spoofed company website; How discovered: protective team detected credential submission; Why concerning: loss of customer trust and confidence.,Phishing,Application,Medium,Service Account,IR-CON-02;IR-ID-01;IR-POST-01,Success
INC-d6238753,Phishing incident reported,"Threat assessment: identity theft and account takeover concern. Root cause identified as fake login page harvesting staff member passwords, which was email analysis revealed malicious indicators.",Phishing,Application,Low,User,IR-ID-01;IR-ID-02;IR-CON-02;IR-POST-01;IR-CON-01,Partial
INC-f48ea9b1,Phishing incident reported,"URGENT: user communicated unexpected authentication prompt detected fake login page harvesting individual passwords, which threatens identity theft and account takeover risk.",Phishing,Endpoint,Medium,User,IR-POST-01;IR-CON-02;IR-ID-01,Partial
INC-056ed1d5,Denial of Service incident reported,Analysis shows connection floods overwhelming firewall; The incident was customer complaints triggered investigation; Security team assesses competitive disadvantage during downtime.,Denial of Service,Application,Medium,User,IR-BLOCK-01;IR-MIT-01;IR-CON-01,Success
INC-ff37a03e,Denial of Service incident reported,Risk identified: service level agreement violations. Contributing factor: infrastructure collapsing under request volume. Detection source: infrastructure tracking tools raised alarm.,Denial of Service,Network,Medium,Service Account,IR-BLOCK-01;IR-MIT-01;IR-ID-02;IR-POST-01,Partial
INC-b854fe57,Data Breach incident reported,What happened: large data transfer to external IP address. How discovered: compliance audit revealed unauthorized interaction. Why concerning: forensic investigation and recovery costs.,Data Breach,Application,High,User,IR-POST-01;IR-LEGAL-01;IR-NOTIF-01;IR-CON-02;IR-ID-01,Success
INC-eafe9f8a,Ransomware incident reported,What happened: desktop wallpaper replaced with threat message; How discovered: automated machine flagged suspicious file activity; Why concerning: financial losses from downtime and recovery.,Ransomware,Endpoint,High,Guest,IR-ID-01;IR-POST-01;IR-REC-01,Failure
INC-bf9f0028,Malware incident reported,"Tactical assessment: suspicious process modifying system registry identified via defensive operations center detected anomaly, generating potential lateral movement across network.",Malware,Endpoint,Medium,User,IR-ERA-01;IR-CON-01;IR-SCAN-01;IR-ID-02,Success
INC-54b6699b,Denial of Service incident reported,"Forensic analysis: distributed attack targeting public endpoints discovered through service availability observation caught outage, resulting in revenue loss from service unavailability.",Denial of Service,Application,Medium,Guest,IR-MIT-01;IR-ID-01;IR-BLOCK-01;IR-ID-02;IR-POST-01,Success
INC-7dd1b1fb,Denial of Service incident reported,"Forensic analysis: infrastructure collapsing under request volume discovered through load balancer communicated abnormal request volume, resulting in competitive disadvantage during downtime.",Denial of Service,Application,Medium,User,IR-ID-02;IR-POST-01;IR-CON-01;IR-BLOCK-01;IR-MIT-01,Success
INC-55f3389a,Data Breach incident reported,Security incident: abnormal SQL queries executed against database; Discovery method: third-party security assessment found evidence; Impact assessment indicates exposure of customer personally identifiable information.,Data Breach,Database,High,Guest,IR-NOTIF-01;IR-ID-01;IR-ID-02,Success
INC-596aa1cf,Data Breach incident reported,audit logs showing irregular files retrieval has been observed. This was database operations monitoring found anomaly. The situation creates exposure of customer personally identifiable information.,Data Breach,Server,High,Guest,IR-ID-02;IR-POST-01;IR-CON-02;IR-ID-01;IR-LEGAL-01,Failure
INC-90f97663,Denial of Service incident reported,[ALERT] traffic analysis identified attack signature || Observation: network infrastructure saturated with requests || Risk: employee productivity impacted significantly,Denial of Service,Server,Critical,Admin,IR-BLOCK-01;IR-POST-01;IR-ID-01;IR-MIT-01;IR-CON-01,Partial
INC-03114ad9,Malware incident reported,Security incident: endpoint experiencing severe performance degradation; Discovery method: heuristic engine caught unknown malware variant; Impact assessment indicates machine instability affecting productivity.,Malware,Endpoint,Medium,Admin,IR-ERA-01;IR-SCAN-01;IR-POST-01,Success
INC-36b791d8,Denial of Service incident reported,"Tactical assessment: legitimate users unable to access services identified via infrastructure tracking tools raised alarm, generating customer dissatisfaction and complaints.",Denial of Service,Network,Critical,Service Account,IR-ID-01;IR-MIT-01;IR-ID-02;IR-CON-01,Success
INC-e2105dfe,Malware incident reported,Risk identified: anticipated lateral movement across network; Contributing factor: legitimate software behaving abnormally; Detection source: security operations center detected anomaly.,Malware,Application,Low,Guest,IR-ID-01;IR-ERA-01;IR-SCAN-01;IR-POST-01,Success
INC-a682400c,Ransomware incident reported,"Tactical assessment: desktop wallpaper replaced with threat message identified via server administrator observed encryption process, generating ransom payment consideration by leadership.",Ransomware,Endpoint,High,Service Account,IR-ID-02;IR-REC-01;IR-CON-01,Partial
INC-efa1d741,Phishing incident reported,Risk identified: loss of customer trust and confidence; Contributing factor: domain name similar to legitimate site accessed; Detection source: threat intelligence identified phishing campaign.,Phishing,Application,Medium,Service Account,IR-CON-01;IR-CON-02;IR-POST-01;IR-EDU-01,Success
INC-70c5dc70,Malware incident reported,"Event sequence: First, IT administrator noticed during routine check. Investigation revealed memory usage spiking due to hidden processes. Resulting in potential lateral movement across network.",Malware,Endpoint,Low,User,IR-CON-01;IR-ERA-01;IR-POST-01,Success
INC-7e4657b4,Malware incident reported,Risk identified: infrastructure instability affecting productivity. Contributing factor: legitimate software behaving abnormally. Detection source: endpoint protection agent raised alert.,Malware,Endpoint,Medium,Admin,IR-ID-01;IR-ID-02;IR-SCAN-01;IR-CON-01;IR-ERA-01,Partial
INC-006566cd,Phishing incident reported,"Event sequence: First, protective awareness training prompted user report. Investigation revealed email with urgent tone requesting sensitive data. Resulting in unauthorized entry to email and applications.",Phishing,Application,Medium,Service Account,IR-CON-02;IR-ID-02;IR-POST-01,Success
INC-ea3c9ace,Malware incident reported,Analysis shows unexpected outbound network connections initiated. The incident was automated scan identified threat signature. Security team assesses unapproved access to company resources.,Malware,Endpoint,Medium,Service Account,IR-SCAN-01;IR-CON-01;IR-POST-01,Partial
INC-3406fc90,Phishing incident reported,Security incident: employees submitting credentials to fraudulent portal. Discovery method: email gateway quarantined message automatically. Impact assessment indicates unsanctioned connection to email and applications.,Phishing,Network,Medium,Service Account,IR-ID-01;IR-ID-02;IR-CON-02;IR-EDU-01;IR-POST-01,Partial
INC-aba51e82,Insider Misuse incident reported,privileged credentials used for personal purposes has been observed. This was data classification system identified misuse. The situation creates loss of trade secrets or proprietary records.,Insider Misuse,Server,Medium,User,IR-POST-01;IR-ID-01;IR-ID-02;IR-CON-01,Success
INC-5aab7bfc,Ransomware incident reported,"Forensic analysis: users unable to open documents and databases discovered through account holder called helpdesk about inaccessible files, resulting in reputational damage to organization.",Ransomware,Database,High,Guest,IR-CON-01;IR-ERA-01;IR-ID-02;IR-ID-01,Failure
INC-a2a8325d,Phishing incident reported,"Executive summary - security team uncovered credential submission identified suspicious authentication requests from users, presenting business email compromise attempts possible.",Phishing,Network,Medium,Service Account,IR-EDU-01;IR-POST-01;IR-ID-02;IR-ID-01;IR-CON-01,Partial
INC-068000cb,Insider Misuse incident reported,"Executive summary - peer submitted concerning behavior to security identified administrator abusing elevated permissions, presenting legal action against employee possible.",Insider Misuse,Server,High,Admin,IR-ID-02;IR-CON-01;IR-ID-01;IR-HR-01,Partial
INC-4d5c4d57,Denial of Service incident reported,"Executive summary - infrastructure surveillance tools raised alarm identified distributed attack targeting public endpoints, presenting increased operational costs for mitigation.",Denial of Service,Application,Medium,Admin,IR-BLOCK-01;IR-ID-01;IR-ID-02;IR-MIT-01;IR-POST-01,Success
INC-05c4fa24,Insider Misuse incident reported,[ALERT] staff member behavior analytics identified deviation || Observation: privileged credentials used for personal purposes || Risk: revision of engagement controls required,Insider Misuse,Application,High,Guest,IR-HR-01;IR-CON-01;IR-ID-01;IR-CON-02,Success
INC-4c888dbf,Ransomware incident reported,Security incident: widespread file encryption across network shares. Discovery method: server administrator observed encryption process. Impact assessment indicates customer service capabilities degraded.,Ransomware,Server,Critical,Admin,IR-ISO-01;IR-POST-01;IR-ID-02,Partial
INC-4de0e0ed,Insider Misuse incident reported,"Event sequence: First, access control review revealed violations; Investigation revealed employee bypassing defensive controls; Resulting in data integrity and confidentiality compromise.",Insider Misuse,Database,Medium,Admin,IR-CON-01;IR-ID-01;IR-ID-02,Partial
INC-1dae21d5,Insider Misuse incident reported,Risk identified: revision of engagement controls required; Contributing factor: strange data entry patterns by trusted individual; Detection source: manager notified suspicious employee actions.,Insider Misuse,Server,Low,Admin,IR-CON-02;IR-CON-01;IR-ID-02;IR-ID-01;IR-POST-01,Success
INC-8bf2b3c5,Denial of Service incident reported,Security incident: service outage due to overwhelming traffic volume; Discovery method: infrastructure analysis tools raised alarm; Impact assessment indicates suspected for information breach during distraction.,Denial of Service,Network,High,Guest,IR-ID-01;IR-CON-01;IR-POST-01,Partial
INC-d4035978,Denial of Service incident reported,"Executive summary - service owner escalated performance issues identified distributed attack targeting public endpoints, presenting anticipated for data breach during distraction.",Denial of Service,Server,High,User,IR-CON-01;IR-ID-02;IR-POST-01;IR-ID-01,Success
INC-08478414,Ransomware incident reported,Security incident: widespread file encryption across network shares; Discovery method: network surveillance tools caught information exfiltration; Impact assessment indicates financial losses from downtime and recovery.,Ransomware,Database,High,Service Account,IR-REC-01;IR-ISO-01;IR-ID-01;IR-CON-01;IR-ERA-01,Success
INC-9f837f33,Insider Misuse incident reported,Analysis shows after-hours connection to sensitive systems; The incident was automated surveillance caught unverified access; Security team assesses loss of trade secrets or proprietary datasets.,Insider Misuse,Database,High,User,IR-POST-01;IR-HR-01;IR-ID-01,Success
INC-b77b1d09,Malware incident reported,antivirus protection has been disabled has been observed. This was heuristic engine caught unknown malware variant. The situation creates credential theft and records exfiltration risk.,Malware,Endpoint,High,Service Account,IR-ERA-01;IR-SCAN-01;IR-POST-01;IR-ID-01;IR-ID-02,Success
INC-04d2b855,Data Breach incident reported,[ALERT] compliance audit revealed illegitimate access || Observation: bulk export of customer records discovered || Risk: compliance violations requiring remediation,Data Breach,Database,High,Guest,IR-ID-02;IR-ID-01;IR-POST-01;IR-NOTIF-01,Success
INC-ab2c85fc,Data Breach incident reported,"Tactical assessment: database administrator credentials compromised identified via records loss prevention system triggered warning, generating loss of competitive advantage from stolen records.",Data Breach,Application,High,Guest,IR-ID-01;IR-NOTIF-01;IR-ID-02;IR-CON-01,Success
INC-3e5193aa,Phishing incident reported,brand impersonation detected in email headers - email analysis revealed malicious indicators; This poses unpermitted interaction to email and applications.,Phishing,Endpoint,Low,Guest,IR-POST-01;IR-ID-01;IR-ID-02;IR-EDU-01;IR-CON-02,Success
INC-f8c6e995,Ransomware incident reported,"Compliance alert: automated endpoint flagged suspicious file activity documented users unable to open documents and databases, leading to financial losses from downtime and recovery.",Ransomware,Endpoint,High,User,IR-ISO-01;IR-POST-01;IR-ID-02;IR-REC-01,Success
INC-f4a470d7,Ransomware incident reported,What happened: desktop wallpaper replaced with threat message; How discovered: server administrator observed encryption process; Why concerning: regulatory reporting requirements triggered.,Ransomware,Server,High,Admin,IR-ERA-01;IR-ISO-01;IR-REC-01;IR-POST-01,Partial
INC-f065a6cb,Insider Misuse incident reported,downloading confidential data to personal device - entry control review revealed violations; This poses violation of privacy regulations and policies.,Insider Misuse,Application,High,Service Account,IR-POST-01;IR-ID-01;IR-CON-02;IR-CON-01,Partial
INC-64d37920,Phishing incident reported,fake login page harvesting employee passwords has been observed; This was email gateway quarantined message automatically; The situation creates sensitive information disclosure anticipated.,Phishing,Endpoint,Medium,Service Account,IR-CON-01;IR-EDU-01;IR-POST-01;IR-ID-01,Partial
INC-35f388d8,Insider Misuse incident reported,"URGENT: entry control review revealed violations detected privileged credentials used for personal purposes, which threatens need for human resources investigation.",Insider Misuse,Application,Low,Service Account,IR-ID-02;IR-CON-01;IR-POST-01;IR-ID-01;IR-HR-01,Partial
INC-4e3a5baf,Data Breach incident reported,"Event sequence: First, database behavior observation spotted anomaly. Investigation revealed audit logs showing irregular datasets retrieval. Resulting in loss of competitive advantage from stolen content.",Data Breach,Database,Critical,Guest,IR-ID-01;IR-NOTIF-01;IR-LEGAL-01;IR-CON-01;IR-POST-01,Success
INC-9555a6cc,Insider Misuse incident reported,"Investigation timeline: access control review revealed violations, revealing internal staff member violating acceptable use policy; Potential consequences include information integrity and confidentiality compromise.",Insider Misuse,Application,Low,User,IR-CON-02;IR-CON-01;IR-POST-01,Success
INC-a342ce8e,Denial of Service incident reported,"Event sequence: First, service availability monitoring found outage. Investigation revealed response times degraded to unacceptable levels. Resulting in competitive disadvantage during downtime.",Denial of Service,Application,Medium,Guest,IR-ID-02;IR-BLOCK-01;IR-ID-01,Success
INC-715024a7,Data Breach incident reported,What happened: large information transfer to external IP address; How discovered: log analysis identified suspicious queries; Why concerning: mandatory breach notification to affected parties.,Data Breach,Database,Medium,Guest,IR-ID-01;IR-LEGAL-01;IR-CON-01;IR-POST-01;IR-NOTIF-01,Success
INC-07776e0e,Insider Misuse incident reported,"Tactical assessment: employee accessing files outside job scope identified via privileged access management infrastructure alerted, generating revision of entry controls required.",Insider Misuse,Application,Medium,Admin,IR-ID-01;IR-HR-01;IR-CON-01;IR-POST-01,Failure
INC-526815ff,Ransomware incident reported,"Forensic analysis: desktop wallpaper replaced with threat message discovered through backup system alerted to deletion attempt, resulting in customer service capabilities degraded.",Ransomware,Server,Critical,Admin,IR-CON-01;IR-REC-01;IR-ID-02;IR-ID-01;IR-ERA-01,Success
INC-ad48d09d,Data Breach incident reported,authentication bypass allowing unapproved engagement has been observed; This was anomaly detection device flagged suspicious pattern; The situation creates loss of competitive advantage from stolen records.,Data Breach,Database,High,Admin,IR-ID-01;IR-ID-02;IR-CON-02;IR-LEGAL-01,Partial
INC-251b0474,Data Breach incident reported,What happened: large files transfer to external IP address; How discovered: threat detection information and event management alerted; Why concerning: forensic investigation and recovery costs.,Data Breach,Database,High,User,IR-NOTIF-01;IR-CON-02;IR-ID-01;IR-ID-02;IR-LEGAL-01,Failure
INC-50755bd6,Malware incident reported,What happened: files being altered without account holder authorization. How discovered: endpoint protection agent raised alert. Why concerning: compromise of sensitive business information.,Malware,Endpoint,Medium,Admin,IR-ID-01;IR-POST-01;IR-ID-02;IR-SCAN-01;IR-ERA-01,Success
INC-7d6a9198,Denial of Service incident reported,"Event sequence: First, customer complaints triggered investigation; Investigation revealed response times degraded to unacceptable levels; Resulting in service level agreement violations.",Denial of Service,Application,High,User,IR-ID-02;IR-POST-01;IR-MIT-01;IR-BLOCK-01,Success
INC-d3626204,Malware incident reported,"URGENT: IT administrator noticed during routine check detected multiple applications terminating unexpectedly, which threatens compromise of sensitive business information.",Malware,Application,Medium,Admin,IR-SCAN-01;IR-CON-01;IR-ERA-01;IR-POST-01,Success
INC-f6ba9053,Malware incident reported,"Threat assessment: operational interruption for affected users; Root cause identified as unapproved software running on workstation, which was endpoint protection agent raised alert.",Malware,Endpoint,Medium,Admin,IR-CON-01;IR-ERA-01;IR-ID-02;IR-POST-01;IR-SCAN-01,Success
INC-754be18d,Phishing incident reported,"Tactical assessment: users clicking on links in deceptive messages identified via staff member reported unexpected authentication prompt, generating loss of customer trust and confidence.",Phishing,Endpoint,Medium,Service Account,IR-ID-01;IR-EDU-01;IR-CON-01;IR-ID-02;IR-CON-02,Success
INC-c33fba5e,Malware incident reported,"Investigation timeline: endpoint protection agent raised alert, revealing multiple applications terminating unexpectedly. Potential consequences include operational disruption for affected users.",Malware,Application,Medium,Service Account,IR-CON-01;IR-ID-02;IR-ID-01,Partial
INC-4db39b3c,Ransomware incident reported,"URGENT: network monitoring tools caught records exfiltration detected ransom demand note appeared on desktop, which threatens reputational damage to organization.",Ransomware,Server,Medium,Service Account,IR-ID-01;IR-CON-01;IR-REC-01;IR-ERA-01;IR-ID-02,Success
INC-8bd4e4cd,Ransomware incident reported,"Executive summary - user called helpdesk about inaccessible files identified file extensions changed to unknown format, presenting regulatory reporting requirements triggered.",Ransomware,Server,High,User,IR-CON-01;IR-REC-01;IR-ISO-01;IR-ERA-01,Partial
INC-2e839256,Malware incident reported,"Executive summary - heuristic engine caught unknown malware variant identified antivirus protection has been disabled, presenting threat to network protective posture.",Malware,Application,Medium,Service Account,IR-ID-02;IR-CON-01;IR-ID-01;IR-ERA-01;IR-SCAN-01,Success
INC-c870e503,Data Breach incident reported,[ALERT] files loss prevention infrastructure triggered warning || Observation: bulk export of customer records detected || Risk: forensic investigation and recovery costs,Data Breach,Database,High,Admin,IR-NOTIF-01;IR-CON-02;IR-ID-02;IR-CON-01,Success
INC-76abea41,Malware incident reported,Security incident: endpoint experiencing severe performance degradation. Discovery method: threat intelligence match triggered alarm. Impact assessment indicates possible installation of additional malware.,Malware,Endpoint,Low,Guest,IR-ERA-01;IR-SCAN-01;IR-ID-02;IR-POST-01,Partial
INC-71959046,Phishing incident reported,credential entry on spoofed company website has been observed; This was security awareness training prompted staff member report; The situation creates business email compromise attempts possible.,Phishing,Endpoint,Low,User,IR-ID-01;IR-CON-02;IR-ID-02,Success
INC-c73ca11b,Denial of Service incident reported,"Threat assessment: increased operational costs for mitigation. Root cause identified as bandwidth exhausted by malicious traffic, which was intrusion detection endpoint caught flood attack.",Denial of Service,Network,High,User,IR-MIT-01;IR-POST-01;IR-BLOCK-01;IR-ID-02,Success
INC-fc503ff1,Phishing incident reported,users clicking on links in deceptive messages has been observed; This was email analysis revealed malicious indicators; The situation creates unsanctioned entry to email and applications.,Phishing,Endpoint,Medium,Admin,IR-CON-02;IR-POST-01;IR-CON-01;IR-ID-02;IR-ID-01,Success
INC-4a5f459b,Malware incident reported,"Tactical assessment: endpoint experiencing severe performance degradation identified via automated scan identified threat signature, generating threat to network defensive posture.",Malware,Server,High,Service Account,IR-SCAN-01;IR-POST-01;IR-CON-01;IR-ERA-01;IR-ID-01,Failure
INC-a2ba58ef,Data Breach incident reported,"URGENT: threat hunting exercise uncovered breach detected abnormal SQL queries executed against database, which threatens mandatory breach notification to affected parties.",Data Breach,Server,Critical,Service Account,IR-ID-01;IR-POST-01;IR-LEGAL-01;IR-ID-02,Success
INC-0021eedb,Phishing incident reported,"Event sequence: First, individual notified unexpected authentication prompt; Investigation revealed email with urgent tone requesting sensitive records; Resulting in sensitive information disclosure suspected.",Phishing,Application,Medium,Guest,IR-ID-01;IR-POST-01;IR-EDU-01;IR-CON-02;IR-CON-01,Success
INC-dec53311,Denial of Service incident reported,Analysis shows connection floods overwhelming firewall; The incident was service owner escalated performance issues; Security team assesses employee productivity impacted significantly.,Denial of Service,Application,High,Service Account,IR-ID-01;IR-BLOCK-01;IR-ID-02;IR-POST-01,Success
INC-1c5eda5a,Malware incident reported,[ALERT] threat intelligence match triggered alarm || Observation: unknown executable consuming excessive CPU resources || Risk: potential lateral movement across network,Malware,Endpoint,Medium,Admin,IR-CON-01;IR-POST-01;IR-ID-01,Partial
INC-8eeb0c10,Ransomware incident reported,"Investigation timeline: employee called helpdesk about inaccessible files, revealing rapid file modification event observed on server. Potential consequences include extended recovery time impacting revenue.",Ransomware,Endpoint,High,User,IR-REC-01;IR-ISO-01;IR-POST-01;IR-CON-01;IR-ID-02,Success
INC-1a05c8e0,Insider Misuse incident reported,"Investigation timeline: files classification device noticed misuse, revealing internal user violating acceptable use policy. Potential consequences include damage to internal security culture.",Insider Misuse,Server,Medium,Service Account,IR-CON-02;IR-ID-02;IR-HR-01;IR-ID-01,Success
INC-36965e62,Phishing incident reported,Analysis shows attachment containing malicious payload opened. The incident was email analysis revealed malicious indicators. Security team assesses spread of attack to additional employees.,Phishing,Endpoint,Low,Guest,IR-POST-01;IR-CON-02;IR-ID-01;IR-CON-01,Success
INC-f583af0b,Ransomware incident reported,[ALERT] incident response team identified during investigation || Observation: critical business data rendered inaccessible || Risk: ransom payment consideration by leadership,Ransomware,Server,High,Guest,IR-ID-01;IR-ID-02;IR-CON-01;IR-REC-01,Success
INC-303b36c5,Ransomware incident reported,Risk identified: extended recovery time impacting revenue; Contributing factor: shadow copies deleted from affected systems; Detection source: file integrity observation identified mass changes.,Ransomware,Server,High,Guest,IR-ERA-01;IR-ID-02;IR-CON-01;IR-ID-01;IR-ISO-01,Success
INC-db56a413,Insider Misuse incident reported,"Event sequence: First, connection control review revealed violations; Investigation revealed employee bypassing security controls; Resulting in legal action against employee possible.",Insider Misuse,Server,High,Service Account,IR-CON-02;IR-CON-01;IR-ID-02;IR-POST-01;IR-HR-01,Failure
INC-8998f0bb,Data Breach incident reported,audit logs showing irregular data retrieval has been observed. This was compliance audit revealed unpermitted interaction. The situation creates intellectual property theft concerns.,Data Breach,Database,Critical,Service Account,IR-ID-01;IR-POST-01;IR-ID-02;IR-NOTIF-01,Partial
INC-a7877d65,Ransomware incident reported,"Event sequence: First, file integrity analysis found mass changes; Investigation revealed encryption process consuming server resources; Resulting in permanent data loss if backups compromised.",Ransomware,Database,High,Service Account,IR-CON-01;IR-ID-02;IR-POST-01;IR-ERA-01;IR-ISO-01,Success
INC-ce2f9878,Data Breach incident reported,"Threat assessment: regulatory fines and legal liability. Root cause identified as API calls retrieving excessive amounts of information, which was compliance audit revealed illegitimate access.",Data Breach,Server,High,Admin,IR-CON-01;IR-POST-01;IR-ID-02;IR-LEGAL-01;IR-NOTIF-01,Success
INC-d78f8db2,Insider Misuse incident reported,[ALERT] content classification system detected misuse || Observation: privileged credentials used for personal purposes || Risk: files integrity and confidentiality compromise,Insider Misuse,Server,Medium,Admin,IR-CON-02;IR-ID-02;IR-CON-01,Failure
INC-11f21296,Ransomware incident reported,"Investigation timeline: network surveillance tools caught content exfiltration, revealing rapid file modification event uncovered on server; Potential consequences include extended recovery time impacting revenue.",Ransomware,Endpoint,Medium,Guest,IR-ERA-01;IR-ID-01;IR-POST-01;IR-REC-01;IR-ID-02,Success
INC-d6be652b,Malware incident reported,Analysis shows unexpected outbound network connections initiated. The incident was threat detection operations center detected anomaly. Security team assesses possible installation of additional malware.,Malware,Endpoint,High,User,IR-POST-01;IR-CON-01;IR-ID-02,Success
INC-a812945b,Ransomware incident reported,"Tactical assessment: users unable to open documents and databases identified via server administrator observed encryption process, generating extended recovery time impacting revenue.",Ransomware,Database,High,Guest,IR-POST-01;IR-REC-01;IR-ERA-01;IR-ID-01,Partial
INC-2b792bdc,Phishing incident reported,"URGENT: threat detection team identified credential submission detected brand impersonation identified in email headers, which threatens illegitimate engagement to email and applications.",Phishing,Endpoint,Medium,Admin,IR-CON-01;IR-CON-02;IR-POST-01;IR-ID-02,Failure
INC-3318ad97,Insider Misuse incident reported,"Threat assessment: potential espionage or competitor collaboration. Root cause identified as repeated attempts to connection restricted servers, which was privileged access management endpoint alerted.",Insider Misuse,Server,Medium,User,IR-HR-01;IR-ID-01;IR-CON-01,Success
INC-bae1eef1,Insider Misuse incident reported,Risk identified: anticipated espionage or competitor collaboration; Contributing factor: strange information usage patterns by trusted staff member; Detection source: data classification device caught misuse.,Insider Misuse,Server,Low,Service Account,IR-CON-02;IR-ID-02;IR-CON-01,Failure
INC-9073f5e6,Denial of Service incident reported,"Threat assessment: customer dissatisfaction and complaints; Root cause identified as bandwidth exhausted by malicious traffic, which was network operations center observed traffic spike.",Denial of Service,Server,High,Service Account,IR-CON-01;IR-POST-01;IR-ID-01;IR-MIT-01;IR-ID-02,Success
INC-406776b4,Insider Misuse incident reported,[ALERT] audit trail analysis showed policy breach || Observation: privileged credentials used for personal purposes || Risk: violation of privacy regulations and policies,Insider Misuse,Application,Medium,User,IR-CON-02;IR-POST-01;IR-HR-01,Failure
INC-d4807a18,Malware incident reported,endpoint experiencing severe performance degradation has been observed. This was heuristic engine caught unknown malware variant. The situation creates operational interruption for affected users.,Malware,Application,Medium,Guest,IR-ID-01;IR-SCAN-01;IR-CON-01,Success
INC-7929fa34,Data Breach incident reported,"Event sequence: First, third-party security assessment found evidence. Investigation revealed audit logs showing irregular files retrieval. Resulting in forensic investigation and recovery costs.",Data Breach,Server,Critical,Guest,IR-NOTIF-01;IR-ID-02;IR-LEGAL-01;IR-CON-02;IR-CON-01,Partial
INC-a79c6089,Insider Misuse incident reported,privileged credentials used for personal purposes has been observed. This was automated observation caught unpermitted entry. The situation creates damage to internal defensive culture.,Insider Misuse,Application,Low,Guest,IR-HR-01;IR-POST-01;IR-ID-02,Success
INC-a37bc9f5,Data Breach incident reported,"URGENT: compliance audit revealed illegitimate connection detected authentication bypass allowing unapproved access, which threatens intellectual property theft concerns.",Data Breach,Database,Medium,Admin,IR-ID-01;IR-ID-02;IR-CON-02,Success
INC-8716f593,Data Breach incident reported,"URGENT: log analysis identified suspicious queries detected privileged account accessing unrelated datasets, which threatens regulatory fines and legal liability.",Data Breach,Database,High,Service Account,IR-ID-02;IR-CON-02;IR-ID-01;IR-NOTIF-01,Partial
INC-4e0347e2,Ransomware incident reported,"Compliance alert: file integrity monitoring discovered mass changes documented widespread file encryption across network shares, leading to financial losses from downtime and recovery.",Ransomware,Endpoint,Medium,Guest,IR-POST-01;IR-ERA-01;IR-ISO-01;IR-ID-02;IR-REC-01,Success
INC-58cd8cd8,Insider Misuse incident reported,"Investigation timeline: automated monitoring caught unapproved connection, revealing internal account holder violating acceptable use policy. Potential consequences include legal action against employee possible.",Insider Misuse,Application,Medium,Guest,IR-ID-02;IR-CON-01;IR-ID-01;IR-POST-01;IR-CON-02,Success
INC-76111ea1,Data Breach incident reported,Analysis shows database administrator credentials compromised. The incident was compliance audit revealed unauthorized engagement. Security team assesses loss of competitive advantage from stolen files.,Data Breach,Server,Medium,User,IR-CON-02;IR-ID-01;IR-POST-01;IR-NOTIF-01,Success
INC-22382db2,Ransomware incident reported,"Executive summary - incident response team identified during investigation identified file extensions changed to unknown format, presenting extended recovery time impacting revenue.",Ransomware,Endpoint,Critical,User,IR-CON-01;IR-REC-01;IR-ID-01;IR-ERA-01;IR-POST-01,Success
INC-52cc571e,Data Breach incident reported,"Tactical assessment: audit logs showing irregular data retrieval identified via database patterns monitoring caught anomaly, generating loss of competitive advantage from stolen data.",Data Breach,Application,High,Guest,IR-ID-02;IR-CON-01;IR-POST-01,Failure
